{
  "input_dim": 30,
  "batch_size": 64,
  "activation": "relu",
  "dropout": 0.4,
  "hidden_layers": 2,
  "hidden_dim": 32,
  "epochs": 100,
  "learning_rate": 0.001,
  "early_stopping_patience": 15,
  "metrics": {
    "auc_roc": 0.8456791604715788,
    "pr_auc": 0.6595206639164591,
    "f1": 0.6200423902760106,
    "recall": 0.8341027368783245,
    "precision": 0.4943814712176625
  }
}