{
  "input_dim": 30,
  "hidden_dims": [64, 32],
  "dropout": [0.3, 0.2],
  "batch_size": 32,
  "epochs": 100,
  "learning_rate": 0.001,
  "weight_decay": 0.0001,
  "early_stopping_patience": 10,
  "metrics": {
    "auc_roc": 0.8461972207534021,
    "pr_auc": 0.6591510772153965,
    "f1": 0.6228619537316856,
    "recall": 0.8389327751573454,
    "precision": 0.49569056995782185
  }
}
