{
  "input_dim": 30,
  "batch_size": 64,
  "activation": "relu",
  "dropout": 0.4,
  "hidden_layers": 2,
  "hidden_dim": 32,
  "epochs": 100,
  "learning_rate": 0.001,
  "early_stopping_patience": 5,
  "metrics": {
    "auc_roc": 0.8461972207534021,
    "pr_auc": 0.6591510772153965,
    "f1": 0.6228619537316856,
    "recall": 0.8389327751573454,
    "precision": 0.49569056995782185
  }
}